Farmer id,Gender,Age,Rating,Keyboard function,Gesture,Screen Resolution,Userfriendly,Relevant Information,Other Information Published,Retrival Speed,App Ususbilty,Content Satisfaction,Network Issue,Network Awareness,Past Experience
20630001,Male,34,4,0,1,High,1,1,0,4,5,4,1,4,0
20630002,Male,36,5,0,1,Medium,0,0,2,4,5,3,1,3,0
20630003,Male,29,3,1,0,Medium,1,1,3,3,4,5,1,4,1
20630004,Female,40,4,1,1,High,1,0,0,5,2,5,0,2,1
20630005,Male,45,5,1,1,Low,1,1,1,5,4,4,1,3,0
20630006,Male,34,4,0,1,High,1,1,0,4,5,4,1,4,0
20630007,Male,36,5,0,1,Medium,0,0,2,4,5,3,1,3,0
20630008,Male,29,3,1,0,Medium,1,1,3,3,4,5,1,4,1
20630009,Female,40,4,1,1,High,1,0,0,5,2,5,0,2,1
20630010,Male,45,5,1,1,Low,1,1,1,5,4,4,1,3,0
20630011,Male,34,4,0,1,High,1,1,0,4,5,4,1,4,0
20630012,Male,36,5,0,1,Medium,0,0,2,4,5,3,1,3,0
20630013,Male,29,3,1,0,Medium,1,1,3,3,4,5,1,4,1
20630014,Female,40,4,1,1,High,1,0,0,5,2,5,0,2,1
20630015,Male,45,5,1,1,Low,1,1,1,5,4,4,1,3,0
20630016,Male,34,4,0,1,High,1,1,0,4,5,4,1,4,0
20630017,Male,36,5,0,1,Medium,0,0,2,4,5,3,1,3,0
20630018,Male,29,3,1,0,Medium,1,1,3,3,4,5,1,4,1
20630019,Female,40,4,1,1,High,1,0,0,5,2,5,0,2,1
20630020,Male,45,5,1,1,Low,1,1,1,5,4,4,1,3,0
20630021,Male,34,4,0,1,High,1,1,0,4,5,4,1,4,0
20630022,Male,36,5,0,1,Medium,0,0,2,4,5,3,1,3,0
20630023,Male,29,3,1,0,Medium,1,1,3,3,4,5,1,4,1
20630024,Female,40,4,1,1,High,1,0,0,5,2,5,0,2,1
20630025,Male,45,5,1,1,Low,1,1,1,5,4,4,1,3,0
20630026,Male,34,4,0,1,High,1,1,0,4,5,4,1,4,0
20630027,Male,36,5,0,1,Medium,0,0,2,4,5,3,1,3,0
20630028,Male,29,3,1,0,Medium,1,1,3,3,4,5,1,4,1
20630029,Female,40,4,1,1,High,1,0,0,5,2,5,0,2,1
20630030,Male,45,5,1,1,Low,1,1,1,5,4,4,1,3,0
20630031,Male,34,4,0,1,High,1,1,0,4,5,4,1,4,0
20630032,Male,36,5,0,1,Medium,0,0,2,4,5,3,1,3,0
20630033,Male,29,3,1,0,Medium,1,1,3,3,4,5,1,4,1
20630034,Female,40,4,1,1,High,1,0,0,5,2,5,0,2,1
20630035,Male,45,5,1,1,Low,1,1,1,5,4,4,1,3,0
20630036,Male,34,4,0,1,High,1,1,0,4,5,4,1,4,0
20630037,Male,36,5,0,1,Medium,0,0,2,4,5,3,1,3,0
20630038,Male,29,3,1,0,Medium,1,1,3,3,4,5,1,4,1
20630039,Female,40,4,1,1,High,1,0,0,5,2,5,0,2,1
20630040,Male,45,5,1,1,Low,1,1,1,5,4,4,1,3,0
20630041,Male,34,4,0,1,High,1,1,0,4,5,4,1,4,0
20630042,Male,36,5,0,1,Medium,0,0,2,4,5,3,1,3,0
20630043,Male,29,3,1,0,Medium,1,1,3,3,4,5,1,4,1
20630044,Female,40,4,1,1,High,1,0,0,5,2,5,0,2,1
20630045,Male,45,5,1,1,Low,1,1,1,5,4,4,1,3,0
20630046,Male,34,4,0,1,High,1,1,0,4,5,4,1,4,0
20630047,Male,36,5,0,1,Medium,0,0,2,4,5,3,1,3,0
20630048,Male,29,3,1,0,Medium,1,1,3,3,4,5,1,4,1
20630049,Female,40,4,1,1,High,1,0,0,5,2,5,0,2,1
20630050,Male,45,5,1,1,Low,1,1,1,5,4,4,1,3,0
20630051,Male,34,4,0,1,High,1,1,0,4,5,4,1,4,0
20630052,Male,36,5,0,1,Medium,0,0,2,4,5,3,1,3,0
20630053,Male,29,3,1,0,Medium,1,1,3,3,4,5,1,4,1
20630054,Female,40,4,1,1,High,1,0,0,5,2,5,0,2,1
20630055,Male,45,5,1,1,Low,1,1,1,5,4,4,1,3,0
20630056,Male,34,4,0,1,High,1,1,0,4,5,4,1,4,0
20630057,Male,36,5,0,1,Medium,0,0,2,4,5,3,1,3,0
20630058,Male,29,3,1,0,Medium,1,1,3,3,4,5,1,4,1
20630059,Female,40,4,1,1,High,1,0,0,5,2,5,0,2,1
20630060,Male,45,5,1,1,Low,1,1,1,5,4,4,1,3,0
20630061,Male,34,4,0,1,High,1,1,0,4,5,4,1,4,0
20630062,Male,36,5,0,1,Medium,0,0,2,4,5,3,1,3,0
20630063,Male,29,3,1,0,Medium,1,1,3,3,4,5,1,4,1
20630064,Female,40,4,1,1,High,1,0,0,5,2,5,0,2,1
20630065,Male,45,5,1,1,Low,1,1,1,5,4,4,1,3,0
20630066,Male,34,4,0,1,High,1,1,0,4,5,4,1,4,0
20630067,Male,36,5,0,1,Medium,0,0,2,4,5,3,1,3,0
20630068,Male,29,3,1,0,Medium,1,1,3,3,4,5,1,4,1
20630069,Female,40,4,1,1,High,1,0,0,5,2,5,0,2,1
20630070,Male,45,5,1,1,Low,1,1,1,5,4,4,1,3,0
20630071,Male,34,4,0,1,High,1,1,0,4,5,4,1,4,0
20630072,Male,36,5,0,1,Medium,0,0,2,4,5,3,1,3,0
20630073,Male,29,3,1,0,Medium,1,1,3,3,4,5,1,4,1
20630074,Female,40,4,1,1,High,1,0,0,5,2,5,0,2,1
20630075,Male,45,5,1,1,Low,1,1,1,5,4,4,1,3,0
20630076,Male,34,4,0,1,High,1,1,0,4,5,4,1,4,0
20630077,Male,36,5,0,1,Medium,0,0,2,4,5,3,1,3,0
20630078,Male,29,3,1,0,Medium,1,1,3,3,4,5,1,4,1
20630079,Female,40,4,1,1,High,1,0,0,5,2,5,0,2,1
20630080,Male,45,5,1,1,Low,1,1,1,5,4,4,1,3,0
20630081,Male,34,4,0,1,High,1,1,0,4,5,4,1,4,0
20630082,Male,36,5,0,1,Medium,0,0,2,4,5,3,1,3,0
20630083,Male,29,3,1,0,Medium,1,1,3,3,4,5,1,4,1
20630084,Female,40,4,1,1,High,1,0,0,5,2,5,0,2,1
20630085,Male,45,5,1,1,Low,1,1,1,5,4,4,1,3,0
20630086,Male,34,4,0,1,High,1,1,0,4,5,4,1,4,0
20630087,Male,36,5,0,1,Medium,0,0,2,4,5,3,1,3,0
20630088,Male,29,3,1,0,Medium,1,1,3,3,4,5,1,4,1
20630089,Female,40,4,1,1,High,1,0,0,5,2,5,0,2,1
20630090,Male,45,5,1,1,Low,1,1,1,5,4,4,1,3,0
20630091,Male,34,4,0,1,High,1,1,0,4,5,4,1,4,0
20630092,Male,36,5,0,1,Medium,0,0,2,4,5,3,1,3,0
20630093,Male,29,3,1,0,Medium,1,1,3,3,4,5,1,4,1
20630094,Female,40,4,1,1,High,1,0,0,5,2,5,0,2,1
20630095,Male,45,5,1,1,Low,1,1,1,5,4,4,1,3,0
20630096,Male,34,4,0,1,High,1,1,0,4,5,4,1,4,0
20630097,Male,36,5,0,1,Medium,0,0,2,4,5,3,1,3,0
20630098,Male,29,3,1,0,Medium,1,1,3,3,4,5,1,4,1
20630099,Female,40,4,1,1,High,1,0,0,5,2,5,0,2,1
20630100,Male,45,5,1,1,Low,1,1,1,5,4,4,1,3,0
20630101,Male,34,4,0,1,High,1,1,0,4,5,4,1,4,0
20630102,Male,36,5,0,1,Medium,0,0,2,4,5,3,1,3,0
20630103,Male,29,3,1,0,Medium,1,1,3,3,4,5,1,4,1
20630104,Female,40,4,1,1,High,1,0,0,5,2,5,0,2,1
20630105,Male,45,5,1,1,Low,1,1,1,5,4,4,1,3,0
20630106,Male,34,4,0,1,High,1,1,0,4,5,4,1,4,0
20630107,Male,36,5,0,1,Medium,0,0,2,4,5,3,1,3,0
20630108,Male,29,3,1,0,Medium,1,1,3,3,4,5,1,4,1
20630109,Female,40,4,1,1,High,1,0,0,5,2,5,0,2,1
20630110,Male,45,5,1,1,Low,1,1,1,5,4,4,1,3,0
20630111,Male,34,4,0,1,High,1,1,0,4,5,4,1,4,0
20630112,Male,36,5,0,1,Medium,0,0,2,4,5,3,1,3,0
20630113,Male,29,3,1,0,Medium,1,1,3,3,4,5,1,4,1
20630114,Female,40,4,1,1,High,1,0,0,5,2,5,0,2,1
20630115,Male,45,5,1,1,Low,1,1,1,5,4,4,1,3,0
20630116,Male,34,4,0,1,High,1,1,0,4,5,4,1,4,0
20630117,Male,36,5,0,1,Medium,0,0,2,4,5,3,1,3,0
20630118,Male,29,3,1,0,Medium,1,1,3,3,4,5,1,4,1
20630119,Female,40,4,1,1,High,1,0,0,5,2,5,0,2,1
20630120,Male,45,5,1,1,Low,1,1,1,5,4,4,1,3,0
20630121,Male,34,4,0,1,High,1,1,0,4,5,4,1,4,0
20630122,Male,36,5,0,1,Medium,0,0,2,4,5,3,1,3,0
20630123,Male,29,3,1,0,Medium,1,1,3,3,4,5,1,4,1
20630124,Female,40,4,1,1,High,1,0,0,5,2,5,0,2,1
20630125,Male,45,5,1,1,Low,1,1,1,5,4,4,1,3,0
20630126,Male,34,4,0,1,High,1,1,0,4,5,4,1,4,0
20630127,Male,36,5,0,1,Medium,0,0,2,4,5,3,1,3,0
20630128,Male,29,3,1,0,Medium,1,1,3,3,4,5,1,4,1
20630129,Female,40,4,1,1,High,1,0,0,5,2,5,0,2,1
20630130,Male,45,5,1,1,Low,1,1,1,5,4,4,1,3,0
20630131,Male,34,4,0,1,High,1,1,0,4,5,4,1,4,0
20630132,Male,36,5,0,1,Medium,0,0,2,4,5,3,1,3,0
20630133,Male,29,3,1,0,Medium,1,1,3,3,4,5,1,4,1
20630134,Female,40,4,1,1,High,1,0,0,5,2,5,0,2,1
20630135,Male,45,5,1,1,Low,1,1,1,5,4,4,1,3,0
20630136,Male,34,4,0,1,High,1,1,0,4,5,4,1,4,0
20630137,Male,36,5,0,1,Medium,0,0,2,4,5,3,1,3,0
20630138,Male,29,3,1,0,Medium,1,1,3,3,4,5,1,4,1
20630139,Female,40,4,1,1,High,1,0,0,5,2,5,0,2,1
20630140,Male,45,5,1,1,Low,1,1,1,5,4,4,1,3,0
20630141,Male,34,4,0,1,High,1,1,0,4,5,4,1,4,0
20630142,Male,36,5,0,1,Medium,0,0,2,4,5,3,1,3,0
20630143,Male,29,3,1,0,Medium,1,1,3,3,4,5,1,4,1
20630144,Female,40,4,1,1,High,1,0,0,5,2,5,0,2,1
20630145,Male,45,5,1,1,Low,1,1,1,5,4,4,1,3,0
20630146,Male,34,4,0,1,High,1,1,0,4,5,4,1,4,0
20630147,Male,36,5,0,1,Medium,0,0,2,4,5,3,1,3,0
20630148,Male,29,3,1,0,Medium,1,1,3,3,4,5,1,4,1
20630149,Female,40,4,1,1,High,1,0,0,5,2,5,0,2,1
20630150,Male,45,5,1,1,Low,1,1,1,5,4,4,1,3,0
20630151,Male,34,4,0,1,High,1,1,0,4,5,4,1,4,0
20630152,Male,36,5,0,1,Medium,0,0,2,4,5,3,1,3,0
20630153,Male,29,3,1,0,Medium,1,1,3,3,4,5,1,4,1
20630154,Female,40,4,1,1,High,1,0,0,5,2,5,0,2,1
20630155,Male,45,5,1,1,Low,1,1,1,5,4,4,1,3,0
20630156,Male,34,4,0,1,High,1,1,0,4,5,4,1,4,0
20630157,Male,36,5,0,1,Medium,0,0,2,4,5,3,1,3,0
20630158,Male,29,3,1,0,Medium,1,1,3,3,4,5,1,4,1
20630159,Female,40,4,1,1,High,1,0,0,5,2,5,0,2,1
20630160,Male,45,5,1,1,Low,1,1,1,5,4,4,1,3,0
20630161,Male,34,4,0,1,High,1,1,0,4,5,4,1,4,0
20630162,Male,36,5,0,1,Medium,0,0,2,4,5,3,1,3,0
20630163,Male,29,3,1,0,Medium,1,1,3,3,4,5,1,4,1
20630164,Female,40,4,1,1,High,1,0,0,5,2,5,0,2,1
20630165,Male,45,5,1,1,Low,1,1,1,5,4,4,1,3,0
20630166,Male,34,4,0,1,High,1,1,0,4,5,4,1,4,0
20630167,Male,36,5,0,1,Medium,0,0,2,4,5,3,1,3,0
20630168,Male,29,3,1,0,Medium,1,1,3,3,4,5,1,4,1
20630169,Female,40,4,1,1,High,1,0,0,5,2,5,0,2,1
20630170,Male,45,5,1,1,Low,1,1,1,5,4,4,1,3,0
20630171,Male,34,4,0,1,High,1,1,0,4,5,4,1,4,0
20630172,Male,36,5,0,1,Medium,0,0,2,4,5,3,1,3,0
20630173,Male,29,3,1,0,Medium,1,1,3,3,4,5,1,4,1
20630174,Female,40,4,1,1,High,1,0,0,5,2,5,0,2,1
20630175,Male,45,5,1,1,Low,1,1,1,5,4,4,1,3,0
20630176,Male,34,4,0,1,High,1,1,0,4,5,4,1,4,0
20630177,Male,36,5,0,1,Medium,0,0,2,4,5,3,1,3,0
20630178,Male,29,3,1,0,Medium,1,1,3,3,4,5,1,4,1
20630179,Female,40,4,1,1,High,1,0,0,5,2,5,0,2,1
20630180,Male,45,5,1,1,Low,1,1,1,5,4,4,1,3,0
20630181,Male,34,4,0,1,High,1,1,0,4,5,4,1,4,0
20630182,Male,36,5,0,1,Medium,0,0,2,4,5,3,1,3,0
20630183,Male,29,3,1,0,Medium,1,1,3,3,4,5,1,4,1
20630184,Female,40,4,1,1,High,1,0,0,5,2,5,0,2,1
20630185,Male,45,5,1,1,Low,1,1,1,5,4,4,1,3,0
20630186,Male,34,4,0,1,High,1,1,0,4,5,4,1,4,0
20630187,Male,36,5,0,1,Medium,0,0,2,4,5,3,1,3,0
20630188,Male,29,3,1,0,Medium,1,1,3,3,4,5,1,4,1
20630189,Female,40,4,1,1,High,1,0,0,5,2,5,0,2,1
20630190,Male,45,5,1,1,Low,1,1,1,5,4,4,1,3,0
20630191,Male,34,4,0,1,High,1,1,0,4,5,4,1,4,0
20630192,Male,36,5,0,1,Medium,0,0,2,4,5,3,1,3,0
20630193,Male,29,3,1,0,Medium,1,1,3,3,4,5,1,4,1
20630194,Female,40,4,1,1,High,1,0,0,5,2,5,0,2,1
20630195,Male,45,5,1,1,Low,1,1,1,5,4,4,1,3,0
20630196,Male,34,4,0,1,High,1,1,0,4,5,4,1,4,0
20630197,Male,36,5,0,1,Medium,0,0,2,4,5,3,1,3,0
20630198,Male,29,3,1,0,Medium,1,1,3,3,4,5,1,4,1
20630199,Female,40,4,1,1,High,1,0,0,5,2,5,0,2,1
20630200,Male,45,5,1,1,Low,1,1,1,5,4,4,1,3,0
20630201,Male,34,4,0,1,High,1,1,0,4,5,4,1,4,0
20630202,Male,36,5,0,1,Medium,0,0,2,4,5,3,1,3,0
20630203,Male,29,3,1,0,Medium,1,1,3,3,4,5,1,4,1
20630204,Female,40,4,1,1,High,1,0,0,5,2,5,0,2,1
20630205,Male,45,5,1,1,Low,1,1,1,5,4,4,1,3,0
20630206,Male,34,4,0,1,High,1,1,0,4,5,4,1,4,0
20630207,Male,36,5,0,1,Medium,0,0,2,4,5,3,1,3,0
20630208,Male,29,3,1,0,Medium,1,1,3,3,4,5,1,4,1
20630209,Female,40,4,1,1,High,1,0,0,5,2,5,0,2,1
20630210,Male,45,5,1,1,Low,1,1,1,5,4,4,1,3,0
20630211,Male,34,4,0,1,High,1,1,0,4,5,4,1,4,0
20630212,Male,36,5,0,1,Medium,0,0,2,4,5,3,1,3,0
20630213,Male,29,3,1,0,Medium,1,1,3,3,4,5,1,4,1
20630214,Female,40,4,1,1,High,1,0,0,5,2,5,0,2,1
20630215,Male,45,5,1,1,Low,1,1,1,5,4,4,1,3,0
20630216,Male,34,4,0,1,High,1,1,0,4,5,4,1,4,0
20630217,Male,36,5,0,1,Medium,0,0,2,4,5,3,1,3,0
20630218,Male,29,3,1,0,Medium,1,1,3,3,4,5,1,4,1
20630219,Female,40,4,1,1,High,1,0,0,5,2,5,0,2,1
20630220,Male,45,5,1,1,Low,1,1,1,5,4,4,1,3,0
20630221,Male,34,4,0,1,High,1,1,0,4,5,4,1,4,0
20630222,Male,36,5,0,1,Medium,0,0,2,4,5,3,1,3,0
20630223,Male,29,3,1,0,Medium,1,1,3,3,4,5,1,4,1
20630224,Female,40,4,1,1,High,1,0,0,5,2,5,0,2,1
20630225,Male,45,5,1,1,Low,1,1,1,5,4,4,1,3,0
20630226,Male,34,4,0,1,High,1,1,0,4,5,4,1,4,0
20630227,Male,36,5,0,1,Medium,0,0,2,4,5,3,1,3,0
20630228,Male,29,3,1,0,Medium,1,1,3,3,4,5,1,4,1
20630229,Female,40,4,1,1,High,1,0,0,5,2,5,0,2,1
20630230,Male,45,5,1,1,Low,1,1,1,5,4,4,1,3,0
20630231,Male,34,4,0,1,High,1,1,0,4,5,4,1,4,0
20630232,Male,36,5,0,1,Medium,0,0,2,4,5,3,1,3,0
20630233,Male,29,3,1,0,Medium,1,1,3,3,4,5,1,4,1
20630234,Female,40,4,1,1,High,1,0,0,5,2,5,0,2,1
20630235,Male,45,5,1,1,Low,1,1,1,5,4,4,1,3,0
20630236,Male,34,4,0,1,High,1,1,0,4,5,4,1,4,0
20630237,Male,36,5,0,1,Medium,0,0,2,4,5,3,1,3,0
20630238,Male,29,3,1,0,Medium,1,1,3,3,4,5,1,4,1
20630239,Female,40,4,1,1,High,1,0,0,5,2,5,0,2,1
20630240,Male,45,5,1,1,Low,1,1,1,5,4,4,1,3,0
20630241,Male,34,4,0,1,High,1,1,0,4,5,4,1,4,0
20630242,Male,36,5,0,1,Medium,0,0,2,4,5,3,1,3,0
20630243,Male,29,3,1,0,Medium,1,1,3,3,4,5,1,4,1
20630244,Female,40,4,1,1,High,1,0,0,5,2,5,0,2,1
20630245,Male,45,5,1,1,Low,1,1,1,5,4,4,1,3,0
20630246,Male,34,4,0,1,High,1,1,0,4,5,4,1,4,0
20630247,Male,36,5,0,1,Medium,0,0,2,4,5,3,1,3,0
20630248,Male,29,3,1,0,Medium,1,1,3,3,4,5,1,4,1
20630249,Female,40,4,1,1,High,1,0,0,5,2,5,0,2,1
20630250,Male,45,5,1,1,Low,1,1,1,5,4,4,1,3,0
20630251,Male,34,4,0,1,High,1,1,0,4,5,4,1,4,0
20630252,Male,36,5,0,1,Medium,0,0,2,4,5,3,1,3,0
20630253,Male,29,3,1,0,Medium,1,1,3,3,4,5,1,4,1
20630254,Female,40,4,1,1,High,1,0,0,5,2,5,0,2,1
20630255,Male,45,5,1,1,Low,1,1,1,5,4,4,1,3,0
20630256,Male,34,4,0,1,High,1,1,0,4,5,4,1,4,0
20630257,Male,36,5,0,1,Medium,0,0,2,4,5,3,1,3,0
20630258,Male,29,3,1,0,Medium,1,1,3,3,4,5,1,4,1
20630259,Female,40,4,1,1,High,1,0,0,5,2,5,0,2,1
20630260,Male,45,5,1,1,Low,1,1,1,5,4,4,1,3,0
20630261,Male,34,4,0,1,High,1,1,0,4,5,4,1,4,0
20630262,Male,36,5,0,1,Medium,0,0,2,4,5,3,1,3,0
20630263,Male,29,3,1,0,Medium,1,1,3,3,4,5,1,4,1
20630264,Female,40,4,1,1,High,1,0,0,5,2,5,0,2,1
20630265,Male,45,5,1,1,Low,1,1,1,5,4,4,1,3,0
20630266,Male,34,4,0,1,High,1,1,0,4,5,4,1,4,0
20630267,Male,36,5,0,1,Medium,0,0,2,4,5,3,1,3,0
20630268,Male,29,3,1,0,Medium,1,1,3,3,4,5,1,4,1
20630269,Female,40,4,1,1,High,1,0,0,5,2,5,0,2,1
20630270,Male,45,5,1,1,Low,1,1,1,5,4,4,1,3,0
20630271,Male,34,4,0,1,High,1,1,0,4,5,4,1,4,0
20630272,Male,36,5,0,1,Medium,0,0,2,4,5,3,1,3,0
20630273,Male,29,3,1,0,Medium,1,1,3,3,4,5,1,4,1
20630274,Female,40,4,1,1,High,1,0,0,5,2,5,0,2,1
20630275,Male,45,5,1,1,Low,1,1,1,5,4,4,1,3,0
20630276,Male,34,4,0,1,High,1,1,0,4,5,4,1,4,0
20630277,Male,36,5,0,1,Medium,0,0,2,4,5,3,1,3,0
20630278,Male,29,3,1,0,Medium,1,1,3,3,4,5,1,4,1
20630279,Female,40,4,1,1,High,1,0,0,5,2,5,0,2,1
20630280,Male,45,5,1,1,Low,1,1,1,5,4,4,1,3,0
20630281,Male,34,4,0,1,High,1,1,0,4,5,4,1,4,0
20630282,Male,36,5,0,1,Medium,0,0,2,4,5,3,1,3,0
20630283,Male,29,3,1,0,Medium,1,1,3,3,4,5,1,4,1
20630284,Female,40,4,1,1,High,1,0,0,5,2,5,0,2,1
20630285,Male,45,5,1,1,Low,1,1,1,5,4,4,1,3,0
20630286,Male,34,4,0,1,High,1,1,0,4,5,4,1,4,0
20630287,Male,36,5,0,1,Medium,0,0,2,4,5,3,1,3,0
20630288,Male,29,3,1,0,Medium,1,1,3,3,4,5,1,4,1
20630289,Female,40,4,1,1,High,1,0,0,5,2,5,0,2,1
20630290,Male,45,5,1,1,Low,1,1,1,5,4,4,1,3,0
20630291,Male,34,4,0,1,High,1,1,0,4,5,4,1,4,0
20630292,Male,36,5,0,1,Medium,0,0,2,4,5,3,1,3,0
20630293,Male,29,3,1,0,Medium,1,1,3,3,4,5,1,4,1
20630294,Female,40,4,1,1,High,1,0,0,5,2,5,0,2,1
20630295,Male,45,5,1,1,Low,1,1,1,5,4,4,1,3,0
20630296,Male,34,4,0,1,High,1,1,0,4,5,4,1,4,0
20630297,Male,36,5,0,1,Medium,0,0,2,4,5,3,1,3,0
20630298,Male,29,3,1,0,Medium,1,1,3,3,4,5,1,4,1
20630299,Female,40,4,1,1,High,1,0,0,5,2,5,0,2,1
20630300,Male,45,5,1,1,Low,1,1,1,5,4,4,1,3,0
20630301,Male,34,4,0,1,High,1,1,0,4,5,4,1,4,0
20630302,Male,36,5,0,1,Medium,0,0,2,4,5,3,1,3,0
20630303,Male,29,3,1,0,Medium,1,1,3,3,4,5,1,4,1
20630304,Female,40,4,1,1,High,1,0,0,5,2,5,0,2,1
20630305,Male,45,5,1,1,Low,1,1,1,5,4,4,1,3,0
20630306,Male,34,4,0,1,High,1,1,0,4,5,4,1,4,0
20630307,Male,36,5,0,1,Medium,0,0,2,4,5,3,1,3,0
20630308,Male,29,3,1,0,Medium,1,1,3,3,4,5,1,4,1
20630309,Female,40,4,1,1,High,1,0,0,5,2,5,0,2,1
20630310,Male,45,5,1,1,Low,1,1,1,5,4,4,1,3,0
20630311,Male,34,4,0,1,High,1,1,0,4,5,4,1,4,0
20630312,Male,36,5,0,1,Medium,0,0,2,4,5,3,1,3,0
20630313,Male,29,3,1,0,Medium,1,1,3,3,4,5,1,4,1
20630314,Female,40,4,1,1,High,1,0,0,5,2,5,0,2,1
20630315,Male,45,5,1,1,Low,1,1,1,5,4,4,1,3,0
20630316,Male,34,4,0,1,High,1,1,0,4,5,4,1,4,0
20630317,Male,36,5,0,1,Medium,0,0,2,4,5,3,1,3,0
20630318,Male,29,3,1,0,Medium,1,1,3,3,4,5,1,4,1
20630319,Female,40,4,1,1,High,1,0,0,5,2,5,0,2,1
20630320,Male,45,5,1,1,Low,1,1,1,5,4,4,1,3,0
20630321,Male,34,4,0,1,High,1,1,0,4,5,4,1,4,0
20630322,Male,36,5,0,1,Medium,0,0,2,4,5,3,1,3,0
20630323,Male,29,3,1,0,Medium,1,1,3,3,4,5,1,4,1
20630324,Female,40,4,1,1,High,1,0,0,5,2,5,0,2,1
20630325,Male,45,5,1,1,Low,1,1,1,5,4,4,1,3,0
20630326,Male,34,4,0,1,High,1,1,0,4,5,4,1,4,0
20630327,Male,36,5,0,1,Medium,0,0,2,4,5,3,1,3,0
20630328,Male,29,3,1,0,Medium,1,1,3,3,4,5,1,4,1
20630329,Female,40,4,1,1,High,1,0,0,5,2,5,0,2,1
20630330,Male,45,5,1,1,Low,1,1,1,5,4,4,1,3,0
20630331,Male,34,4,0,1,High,1,1,0,4,5,4,1,4,0
20630332,Male,36,5,0,1,Medium,0,0,2,4,5,3,1,3,0
20630333,Male,29,3,1,0,Medium,1,1,3,3,4,5,1,4,1
20630334,Female,40,4,1,1,High,1,0,0,5,2,5,0,2,1
20630335,Male,45,5,1,1,Low,1,1,1,5,4,4,1,3,0
20630336,Male,34,4,0,1,High,1,1,0,4,5,4,1,4,0
20630337,Male,36,5,0,1,Medium,0,0,2,4,5,3,1,3,0
20630338,Male,29,3,1,0,Medium,1,1,3,3,4,5,1,4,1
20630339,Female,40,4,1,1,High,1,0,0,5,2,5,0,2,1
20630340,Male,45,5,1,1,Low,1,1,1,5,4,4,1,3,0
20630341,Male,34,4,0,1,High,1,1,0,4,5,4,1,4,0
20630342,Male,36,5,0,1,Medium,0,0,2,4,5,3,1,3,0
20630343,Male,29,3,1,0,Medium,1,1,3,3,4,5,1,4,1
20630344,Female,40,4,1,1,High,1,0,0,5,2,5,0,2,1
20630345,Male,45,5,1,1,Low,1,1,1,5,4,4,1,3,0
20630346,Male,34,4,0,1,High,1,1,0,4,5,4,1,4,0
20630347,Male,36,5,0,1,Medium,0,0,2,4,5,3,1,3,0
20630348,Male,29,3,1,0,Medium,1,1,3,3,4,5,1,4,1
20630349,Female,40,4,1,1,High,1,0,0,5,2,5,0,2,1
20630350,Male,45,5,1,1,Low,1,1,1,5,4,4,1,3,0
20630351,Male,34,4,0,1,High,1,1,0,4,5,4,1,4,0
20630352,Male,36,5,0,1,Medium,0,0,2,4,5,3,1,3,0
20630353,Male,29,3,1,0,Medium,1,1,3,3,4,5,1,4,1
20630354,Female,40,4,1,1,High,1,0,0,5,2,5,0,2,1
20630355,Male,45,5,1,1,Low,1,1,1,5,4,4,1,3,0
20630356,Male,34,4,0,1,High,1,1,0,4,5,4,1,4,0
20630357,Male,36,5,0,1,Medium,0,0,2,4,5,3,1,3,0
20630358,Male,29,3,1,0,Medium,1,1,3,3,4,5,1,4,1
20630359,Female,40,4,1,1,High,1,0,0,5,2,5,0,2,1
20630360,Male,45,5,1,1,Low,1,1,1,5,4,4,1,3,0
20630361,Male,34,4,0,1,High,1,1,0,4,5,4,1,4,0
20630362,Male,36,5,0,1,Medium,0,0,2,4,5,3,1,3,0
20630363,Male,29,3,1,0,Medium,1,1,3,3,4,5,1,4,1
20630364,Female,40,4,1,1,High,1,0,0,5,2,5,0,2,1
20630365,Male,45,5,1,1,Low,1,1,1,5,4,4,1,3,0
20630366,Male,34,4,0,1,High,1,1,0,4,5,4,1,4,0
20630367,Male,36,5,0,1,Medium,0,0,2,4,5,3,1,3,0
20630368,Male,29,3,1,0,Medium,1,1,3,3,4,5,1,4,1
20630369,Female,40,4,1,1,High,1,0,0,5,2,5,0,2,1
20630370,Male,45,5,1,1,Low,1,1,1,5,4,4,1,3,0
20630371,Male,34,4,0,1,High,1,1,0,4,5,4,1,4,0
20630372,Male,36,5,0,1,Medium,0,0,2,4,5,3,1,3,0
20630373,Male,29,3,1,0,Medium,1,1,3,3,4,5,1,4,1
20630374,Female,40,4,1,1,High,1,0,0,5,2,5,0,2,1
20630375,Male,45,5,1,1,Low,1,1,1,5,4,4,1,3,0
20630376,Male,34,4,0,1,High,1,1,0,4,5,4,1,4,0
20630377,Male,36,5,0,1,Medium,0,0,2,4,5,3,1,3,0
20630378,Male,29,3,1,0,Medium,1,1,3,3,4,5,1,4,1
20630379,Female,40,4,1,1,High,1,0,0,5,2,5,0,2,1
20630380,Male,45,5,1,1,Low,1,1,1,5,4,4,1,3,0
20630381,Male,34,4,0,1,High,1,1,0,4,5,4,1,4,0
20630382,Male,36,5,0,1,Medium,0,0,2,4,5,3,1,3,0
20630383,Male,29,3,1,0,Medium,1,1,3,3,4,5,1,4,1
20630384,Female,40,4,1,1,High,1,0,0,5,2,5,0,2,1
20630385,Male,45,5,1,1,Low,1,1,1,5,4,4,1,3,0
20630386,Male,34,4,0,1,High,1,1,0,4,5,4,1,4,0
20630387,Male,36,5,0,1,Medium,0,0,2,4,5,3,1,3,0
20630388,Male,29,3,1,0,Medium,1,1,3,3,4,5,1,4,1
20630389,Female,40,4,1,1,High,1,0,0,5,2,5,0,2,1
20630390,Male,45,5,1,1,Low,1,1,1,5,4,4,1,3,0
20630391,Male,34,4,0,1,High,1,1,0,4,5,4,1,4,0
20630392,Male,36,5,0,1,Medium,0,0,2,4,5,3,1,3,0
20630393,Male,29,3,1,0,Medium,1,1,3,3,4,5,1,4,1
20630394,Female,40,4,1,1,High,1,0,0,5,2,5,0,2,1
20630395,Male,45,5,1,1,Low,1,1,1,5,4,4,1,3,0
20630396,Male,34,4,0,1,High,1,1,0,4,5,4,1,4,0
20630397,Male,36,5,0,1,Medium,0,0,2,4,5,3,1,3,0
20630398,Male,29,3,1,0,Medium,1,1,3,3,4,5,1,4,1
20630399,Female,40,4,1,1,High,1,0,0,5,2,5,0,2,1
20630400,Male,45,5,1,1,Low,1,1,1,5,4,4,1,3,0
20630401,Male,34,4,0,1,High,1,1,0,4,5,4,1,4,0
20630402,Male,36,5,0,1,Medium,0,0,2,4,5,3,1,3,0
20630403,Male,29,3,1,0,Medium,1,1,3,3,4,5,1,4,1
20630404,Female,40,4,1,1,High,1,0,0,5,2,5,0,2,1
20630405,Male,45,5,1,1,Low,1,1,1,5,4,4,1,3,0
20630406,Male,34,4,0,1,High,1,1,0,4,5,4,1,4,0
20630407,Male,36,5,0,1,Medium,0,0,2,4,5,3,1,3,0
20630408,Male,29,3,1,0,Medium,1,1,3,3,4,5,1,4,1
20630409,Female,40,4,1,1,High,1,0,0,5,2,5,0,2,1
20630410,Male,45,5,1,1,Low,1,1,1,5,4,4,1,3,0
20630411,Male,34,4,0,1,High,1,1,0,4,5,4,1,4,0
20630412,Male,36,5,0,1,Medium,0,0,2,4,5,3,1,3,0
20630413,Male,29,3,1,0,Medium,1,1,3,3,4,5,1,4,1
20630414,Female,40,4,1,1,High,1,0,0,5,2,5,0,2,1
20630415,Male,45,5,1,1,Low,1,1,1,5,4,4,1,3,0
20630416,Male,34,4,0,1,High,1,1,0,4,5,4,1,4,0
20630417,Male,36,5,0,1,Medium,0,0,2,4,5,3,1,3,0
20630418,Male,29,3,1,0,Medium,1,1,3,3,4,5,1,4,1
20630419,Female,40,4,1,1,High,1,0,0,5,2,5,0,2,1
20630420,Male,45,5,1,1,Low,1,1,1,5,4,4,1,3,0
20630421,Male,34,4,0,1,High,1,1,0,4,5,4,1,4,0
20630422,Male,36,5,0,1,Medium,0,0,2,4,5,3,1,3,0
20630423,Male,29,3,1,0,Medium,1,1,3,3,4,5,1,4,1
20630424,Female,40,4,1,1,High,1,0,0,5,2,5,0,2,1
20630425,Male,45,5,1,1,Low,1,1,1,5,4,4,1,3,0
20630426,Male,34,4,0,1,High,1,1,0,4,5,4,1,4,0
20630427,Male,36,5,0,1,Medium,0,0,2,4,5,3,1,3,0
20630428,Male,29,3,1,0,Medium,1,1,3,3,4,5,1,4,1
20630429,Female,40,4,1,1,High,1,0,0,5,2,5,0,2,1
20630430,Male,45,5,1,1,Low,1,1,1,5,4,4,1,3,0
20630431,Male,34,4,0,1,High,1,1,0,4,5,4,1,4,0
20630432,Male,36,5,0,1,Medium,0,0,2,4,5,3,1,3,0
20630433,Male,29,3,1,0,Medium,1,1,3,3,4,5,1,4,1
20630434,Female,40,4,1,1,High,1,0,0,5,2,5,0,2,1
20630435,Male,45,5,1,1,Low,1,1,1,5,4,4,1,3,0
20630436,Male,34,4,0,1,High,1,1,0,4,5,4,1,4,0
20630437,Male,36,5,0,1,Medium,0,0,2,4,5,3,1,3,0
20630438,Male,29,3,1,0,Medium,1,1,3,3,4,5,1,4,1
20630439,Female,40,4,1,1,High,1,0,0,5,2,5,0,2,1
20630440,Male,45,5,1,1,Low,1,1,1,5,4,4,1,3,0
20630441,Male,34,4,0,1,High,1,1,0,4,5,4,1,4,0
20630442,Male,36,5,0,1,Medium,0,0,2,4,5,3,1,3,0
20630443,Male,29,3,1,0,Medium,1,1,3,3,4,5,1,4,1
20630444,Female,40,4,1,1,High,1,0,0,5,2,5,0,2,1
20630445,Male,45,5,1,1,Low,1,1,1,5,4,4,1,3,0
20630446,Male,34,4,0,1,High,1,1,0,4,5,4,1,4,0
20630447,Male,36,5,0,1,Medium,0,0,2,4,5,3,1,3,0
20630448,Male,29,3,1,0,Medium,1,1,3,3,4,5,1,4,1
20630449,Female,40,4,1,1,High,1,0,0,5,2,5,0,2,1
20630450,Male,45,5,1,1,Low,1,1,1,5,4,4,1,3,0
20630451,Male,34,4,0,1,High,1,1,0,4,5,4,1,4,0
20630452,Male,36,5,0,1,Medium,0,0,2,4,5,3,1,3,0
20630453,Male,29,3,1,0,Medium,1,1,3,3,4,5,1,4,1
20630454,Female,40,4,1,1,High,1,0,0,5,2,5,0,2,1
20630455,Male,45,5,1,1,Low,1,1,1,5,4,4,1,3,0
20630456,Male,34,4,0,1,High,1,1,0,4,5,4,1,4,0
20630457,Male,36,5,0,1,Medium,0,0,2,4,5,3,1,3,0
20630458,Male,29,3,1,0,Medium,1,1,3,3,4,5,1,4,1
20630459,Female,40,4,1,1,High,1,0,0,5,2,5,0,2,1
20630460,Male,45,5,1,1,Low,1,1,1,5,4,4,1,3,0
20630461,Male,34,4,0,1,High,1,1,0,4,5,4,1,4,0
20630462,Male,36,5,0,1,Medium,0,0,2,4,5,3,1,3,0
20630463,Male,29,3,1,0,Medium,1,1,3,3,4,5,1,4,1
20630464,Female,40,4,1,1,High,1,0,0,5,2,5,0,2,1
20630465,Male,45,5,1,1,Low,1,1,1,5,4,4,1,3,0
20630466,Male,34,4,0,1,High,1,1,0,4,5,4,1,4,0
20630467,Male,36,5,0,1,Medium,0,0,2,4,5,3,1,3,0
20630468,Male,29,3,1,0,Medium,1,1,3,3,4,5,1,4,1
20630469,Female,40,4,1,1,High,1,0,0,5,2,5,0,2,1
20630470,Male,45,5,1,1,Low,1,1,1,5,4,4,1,3,0
20630471,Male,34,4,0,1,High,1,1,0,4,5,4,1,4,0
20630472,Male,36,5,0,1,Medium,0,0,2,4,5,3,1,3,0
20630473,Male,29,3,1,0,Medium,1,1,3,3,4,5,1,4,1
20630474,Female,40,4,1,1,High,1,0,0,5,2,5,0,2,1
20630475,Male,45,5,1,1,Low,1,1,1,5,4,4,1,3,0
20630476,Male,34,4,0,1,High,1,1,0,4,5,4,1,4,0
20630477,Male,36,5,0,1,Medium,0,0,2,4,5,3,1,3,0
20630478,Male,29,3,1,0,Medium,1,1,3,3,4,5,1,4,1
20630479,Female,40,4,1,1,High,1,0,0,5,2,5,0,2,1
20630480,Male,45,5,1,1,Low,1,1,1,5,4,4,1,3,0
20630481,Male,34,4,0,1,High,1,1,0,4,5,4,1,4,0
20630482,Male,36,5,0,1,Medium,0,0,2,4,5,3,1,3,0
20630483,Male,29,3,1,0,Medium,1,1,3,3,4,5,1,4,1
20630484,Female,40,4,1,1,High,1,0,0,5,2,5,0,2,1
20630485,Male,45,5,1,1,Low,1,1,1,5,4,4,1,3,0
20630486,Male,34,4,0,1,High,1,1,0,4,5,4,1,4,0
20630487,Male,36,5,0,1,Medium,0,0,2,4,5,3,1,3,0
20630488,Male,29,3,1,0,Medium,1,1,3,3,4,5,1,4,1
20630489,Female,40,4,1,1,High,1,0,0,5,2,5,0,2,1
20630490,Male,45,5,1,1,Low,1,1,1,5,4,4,1,3,0
20630491,Male,34,4,0,1,High,1,1,0,4,5,4,1,4,0
20630492,Male,36,5,0,1,Medium,0,0,2,4,5,3,1,3,0
20630493,Male,29,3,1,0,Medium,1,1,3,3,4,5,1,4,1
20630494,Female,40,4,1,1,High,1,0,0,5,2,5,0,2,1
20630495,Male,45,5,1,1,Low,1,1,1,5,4,4,1,3,0
20630496,Male,34,4,0,1,High,1,1,0,4,5,4,1,4,0
20630497,Male,36,5,0,1,Medium,0,0,2,4,5,3,1,3,0
20630498,Male,29,3,1,0,Medium,1,1,3,3,4,5,1,4,1
20630499,Female,40,4,1,1,High,1,0,0,5,2,5,0,2,1
20630500,Male,45,5,1,1,Low,1,1,1,5,4,4,1,3,0
20630501,Male,34,4,0,1,High,1,1,0,4,5,4,1,4,0
20630502,Male,36,5,0,1,Medium,0,0,2,4,5,3,1,3,0
20630503,Male,29,3,1,0,Medium,1,1,3,3,4,5,1,4,1
20630504,Female,40,4,1,1,High,1,0,0,5,2,5,0,2,1
20630505,Male,45,5,1,1,Low,1,1,1,5,4,4,1,3,0
20630506,Male,34,4,0,1,High,1,1,0,4,5,4,1,4,0
20630507,Male,36,5,0,1,Medium,0,0,2,4,5,3,1,3,0
20630508,Male,29,3,1,0,Medium,1,1,3,3,4,5,1,4,1
20630509,Female,40,4,1,1,High,1,0,0,5,2,5,0,2,1
20630510,Male,45,5,1,1,Low,1,1,1,5,4,4,1,3,0
20630511,Male,34,4,0,1,High,1,1,0,4,5,4,1,4,0
20630512,Male,36,5,0,1,Medium,0,0,2,4,5,3,1,3,0
20630513,Male,29,3,1,0,Medium,1,1,3,3,4,5,1,4,1
20630514,Female,40,4,1,1,High,1,0,0,5,2,5,0,2,1
20630515,Male,45,5,1,1,Low,1,1,1,5,4,4,1,3,0
20630516,Male,34,4,0,1,High,1,1,0,4,5,4,1,4,0
20630517,Male,36,5,0,1,Medium,0,0,2,4,5,3,1,3,0
20630518,Male,29,3,1,0,Medium,1,1,3,3,4,5,1,4,1
20630519,Female,40,4,1,1,High,1,0,0,5,2,5,0,2,1
20630520,Male,45,5,1,1,Low,1,1,1,5,4,4,1,3,0
20630521,Male,34,4,0,1,High,1,1,0,4,5,4,1,4,0
20630522,Male,36,5,0,1,Medium,0,0,2,4,5,3,1,3,0
20630523,Male,29,3,1,0,Medium,1,1,3,3,4,5,1,4,1
20630524,Female,40,4,1,1,High,1,0,0,5,2,5,0,2,1
20630525,Male,45,5,1,1,Low,1,1,1,5,4,4,1,3,0
20630526,Male,34,4,0,1,High,1,1,0,4,5,4,1,4,0
20630527,Male,36,5,0,1,Medium,0,0,2,4,5,3,1,3,0
20630528,Male,29,3,1,0,Medium,1,1,3,3,4,5,1,4,1
20630529,Female,40,4,1,1,High,1,0,0,5,2,5,0,2,1
20630530,Male,45,5,1,1,Low,1,1,1,5,4,4,1,3,0
20630531,Male,34,4,0,1,High,1,1,0,4,5,4,1,4,0
20630532,Male,36,5,0,1,Medium,0,0,2,4,5,3,1,3,0
20630533,Male,29,3,1,0,Medium,1,1,3,3,4,5,1,4,1
20630534,Female,40,4,1,1,High,1,0,0,5,2,5,0,2,1
20630535,Male,45,5,1,1,Low,1,1,1,5,4,4,1,3,0
20630536,Male,34,4,0,1,High,1,1,0,4,5,4,1,4,0
20630537,Male,36,5,0,1,Medium,0,0,2,4,5,3,1,3,0
20630538,Male,29,3,1,0,Medium,1,1,3,3,4,5,1,4,1
20630539,Female,40,4,1,1,High,1,0,0,5,2,5,0,2,1
20630540,Male,45,5,1,1,Low,1,1,1,5,4,4,1,3,0
20630541,Male,34,4,0,1,High,1,1,0,4,5,4,1,4,0
20630542,Male,36,5,0,1,Medium,0,0,2,4,5,3,1,3,0
20630543,Male,29,3,1,0,Medium,1,1,3,3,4,5,1,4,1
20630544,Female,40,4,1,1,High,1,0,0,5,2,5,0,2,1
20630545,Male,45,5,1,1,Low,1,1,1,5,4,4,1,3,0
20630546,Male,34,4,0,1,High,1,1,0,4,5,4,1,4,0
20630547,Male,36,5,0,1,Medium,0,0,2,4,5,3,1,3,0
20630548,Male,29,3,1,0,Medium,1,1,3,3,4,5,1,4,1
20630549,Female,40,4,1,1,High,1,0,0,5,2,5,0,2,1
20630550,Male,45,5,1,1,Low,1,1,1,5,4,4,1,3,0
20630551,Male,34,4,0,1,High,1,1,0,4,5,4,1,4,0
20630552,Male,36,5,0,1,Medium,0,0,2,4,5,3,1,3,0
20630553,Male,29,3,1,0,Medium,1,1,3,3,4,5,1,4,1
20630554,Female,40,4,1,1,High,1,0,0,5,2,5,0,2,1
20630555,Male,45,5,1,1,Low,1,1,1,5,4,4,1,3,0
20630556,Male,34,4,0,1,High,1,1,0,4,5,4,1,4,0
20630557,Male,36,5,0,1,Medium,0,0,2,4,5,3,1,3,0
20630558,Male,29,3,1,0,Medium,1,1,3,3,4,5,1,4,1
20630559,Female,40,4,1,1,High,1,0,0,5,2,5,0,2,1
20630560,Male,45,5,1,1,Low,1,1,1,5,4,4,1,3,0
20630561,Male,34,4,0,1,High,1,1,0,4,5,4,1,4,0
20630562,Male,36,5,0,1,Medium,0,0,2,4,5,3,1,3,0
20630563,Male,29,3,1,0,Medium,1,1,3,3,4,5,1,4,1
20630564,Female,40,4,1,1,High,1,0,0,5,2,5,0,2,1
20630565,Male,45,5,1,1,Low,1,1,1,5,4,4,1,3,0
20630566,Male,34,4,0,1,High,1,1,0,4,5,4,1,4,0
20630567,Male,36,5,0,1,Medium,0,0,2,4,5,3,1,3,0
20630568,Male,29,3,1,0,Medium,1,1,3,3,4,5,1,4,1
20630569,Female,40,4,1,1,High,1,0,0,5,2,5,0,2,1
20630570,Male,45,5,1,1,Low,1,1,1,5,4,4,1,3,0
20630571,Male,34,4,0,1,High,1,1,0,4,5,4,1,4,0
20630572,Male,36,5,0,1,Medium,0,0,2,4,5,3,1,3,0
20630573,Male,29,3,1,0,Medium,1,1,3,3,4,5,1,4,1
20630574,Female,40,4,1,1,High,1,0,0,5,2,5,0,2,1
20630575,Male,45,5,1,1,Low,1,1,1,5,4,4,1,3,0
20630576,Male,34,4,0,1,High,1,1,0,4,5,4,1,4,0
20630577,Male,36,5,0,1,Medium,0,0,2,4,5,3,1,3,0
20630578,Male,29,3,1,0,Medium,1,1,3,3,4,5,1,4,1
20630579,Female,40,4,1,1,High,1,0,0,5,2,5,0,2,1
20630580,Male,45,5,1,1,Low,1,1,1,5,4,4,1,3,0
20630581,Male,34,4,0,1,High,1,1,0,4,5,4,1,4,0
20630582,Male,36,5,0,1,Medium,0,0,2,4,5,3,1,3,0
20630583,Male,29,3,1,0,Medium,1,1,3,3,4,5,1,4,1
20630584,Female,40,4,1,1,High,1,0,0,5,2,5,0,2,1
20630585,Male,45,5,1,1,Low,1,1,1,5,4,4,1,3,0
20630586,Male,34,4,0,1,High,1,1,0,4,5,4,1,4,0
20630587,Male,36,5,0,1,Medium,0,0,2,4,5,3,1,3,0
20630588,Male,29,3,1,0,Medium,1,1,3,3,4,5,1,4,1
20630589,Female,40,4,1,1,High,1,0,0,5,2,5,0,2,1
20630590,Male,45,5,1,1,Low,1,1,1,5,4,4,1,3,0
20630591,Male,34,4,0,1,High,1,1,0,4,5,4,1,4,0
20630592,Male,36,5,0,1,Medium,0,0,2,4,5,3,1,3,0
20630593,Male,29,3,1,0,Medium,1,1,3,3,4,5,1,4,1
20630594,Female,40,4,1,1,High,1,0,0,5,2,5,0,2,1
20630595,Male,45,5,1,1,Low,1,1,1,5,4,4,1,3,0
20630596,Male,34,4,0,1,High,1,1,0,4,5,4,1,4,0
20630597,Male,36,5,0,1,Medium,0,0,2,4,5,3,1,3,0
20630598,Male,29,3,1,0,Medium,1,1,3,3,4,5,1,4,1
20630599,Female,40,4,1,1,High,1,0,0,5,2,5,0,2,1
20630600,Male,45,5,1,1,Low,1,1,1,5,4,4,1,3,0
20630601,Male,34,4,0,1,High,1,1,0,4,5,4,1,4,0
20630602,Male,36,5,0,1,Medium,0,0,2,4,5,3,1,3,0
20630603,Male,29,3,1,0,Medium,1,1,3,3,4,5,1,4,1
20630604,Female,40,4,1,1,High,1,0,0,5,2,5,0,2,1
20630605,Male,45,5,1,1,Low,1,1,1,5,4,4,1,3,0
20630606,Male,34,4,0,1,High,1,1,0,4,5,4,1,4,0
20630607,Male,36,5,0,1,Medium,0,0,2,4,5,3,1,3,0
20630608,Male,29,3,1,0,Medium,1,1,3,3,4,5,1,4,1
20630609,Female,40,4,1,1,High,1,0,0,5,2,5,0,2,1
20630610,Male,45,5,1,1,Low,1,1,1,5,4,4,1,3,0
20630611,Male,34,4,0,1,High,1,1,0,4,5,4,1,4,0
20630612,Male,36,5,0,1,Medium,0,0,2,4,5,3,1,3,0
20630613,Male,29,3,1,0,Medium,1,1,3,3,4,5,1,4,1
20630614,Female,40,4,1,1,High,1,0,0,5,2,5,0,2,1
20630615,Male,45,5,1,1,Low,1,1,1,5,4,4,1,3,0
20630616,Male,34,4,0,1,High,1,1,0,4,5,4,1,4,0
20630617,Male,36,5,0,1,Medium,0,0,2,4,5,3,1,3,0
20630618,Male,29,3,1,0,Medium,1,1,3,3,4,5,1,4,1
20630619,Female,40,4,1,1,High,1,0,0,5,2,5,0,2,1
20630620,Male,45,5,1,1,Low,1,1,1,5,4,4,1,3,0
20630621,Male,34,4,0,1,High,1,1,0,4,5,4,1,4,0
20630622,Male,36,5,0,1,Medium,0,0,2,4,5,3,1,3,0
20630623,Male,29,3,1,0,Medium,1,1,3,3,4,5,1,4,1
20630624,Female,40,4,1,1,High,1,0,0,5,2,5,0,2,1
20630625,Male,45,5,1,1,Low,1,1,1,5,4,4,1,3,0
20630626,Male,34,4,0,1,High,1,1,0,4,5,4,1,4,0
20630627,Male,36,5,0,1,Medium,0,0,2,4,5,3,1,3,0
20630628,Male,29,3,1,0,Medium,1,1,3,3,4,5,1,4,1
20630629,Female,40,4,1,1,High,1,0,0,5,2,5,0,2,1
20630630,Male,45,5,1,1,Low,1,1,1,5,4,4,1,3,0
20630631,Male,34,4,0,1,High,1,1,0,4,5,4,1,4,0
20630632,Male,36,5,0,1,Medium,0,0,2,4,5,3,1,3,0
20630633,Male,29,3,1,0,Medium,1,1,3,3,4,5,1,4,1
20630634,Female,40,4,1,1,High,1,0,0,5,2,5,0,2,1
20630635,Male,45,5,1,1,Low,1,1,1,5,4,4,1,3,0
20630636,Male,34,4,0,1,High,1,1,0,4,5,4,1,4,0
20630637,Male,36,5,0,1,Medium,0,0,2,4,5,3,1,3,0
20630638,Male,29,3,1,0,Medium,1,1,3,3,4,5,1,4,1
20630639,Female,40,4,1,1,High,1,0,0,5,2,5,0,2,1
20630640,Male,45,5,1,1,Low,1,1,1,5,4,4,1,3,0
20630641,Male,34,4,0,1,High,1,1,0,4,5,4,1,4,0
20630642,Male,36,5,0,1,Medium,0,0,2,4,5,3,1,3,0
20630643,Male,29,3,1,0,Medium,1,1,3,3,4,5,1,4,1
20630644,Female,40,4,1,1,High,1,0,0,5,2,5,0,2,1
20630645,Male,45,5,1,1,Low,1,1,1,5,4,4,1,3,0
20630646,Male,34,4,0,1,High,1,1,0,4,5,4,1,4,0
20630647,Male,36,5,0,1,Medium,0,0,2,4,5,3,1,3,0
20630648,Male,29,3,1,0,Medium,1,1,3,3,4,5,1,4,1
20630649,Female,40,4,1,1,High,1,0,0,5,2,5,0,2,1
20630650,Male,45,5,1,1,Low,1,1,1,5,4,4,1,3,0
20630651,Male,34,4,0,1,High,1,1,0,4,5,4,1,4,0
20630652,Male,36,5,0,1,Medium,0,0,2,4,5,3,1,3,0
20630653,Male,29,3,1,0,Medium,1,1,3,3,4,5,1,4,1
20630654,Female,40,4,1,1,High,1,0,0,5,2,5,0,2,1
20630655,Male,45,5,1,1,Low,1,1,1,5,4,4,1,3,0
20630656,Male,34,4,0,1,High,1,1,0,4,5,4,1,4,0
20630657,Male,36,5,0,1,Medium,0,0,2,4,5,3,1,3,0
20630658,Male,29,3,1,0,Medium,1,1,3,3,4,5,1,4,1
20630659,Female,40,4,1,1,High,1,0,0,5,2,5,0,2,1
20630660,Male,45,5,1,1,Low,1,1,1,5,4,4,1,3,0
20630661,Male,34,4,0,1,High,1,1,0,4,5,4,1,4,0
20630662,Male,36,5,0,1,Medium,0,0,2,4,5,3,1,3,0
20630663,Male,29,3,1,0,Medium,1,1,3,3,4,5,1,4,1
20630664,Female,40,4,1,1,High,1,0,0,5,2,5,0,2,1
20630665,Male,45,5,1,1,Low,1,1,1,5,4,4,1,3,0
20630666,Male,34,4,0,1,High,1,1,0,4,5,4,1,4,0
20630667,Male,36,5,0,1,Medium,0,0,2,4,5,3,1,3,0
20630668,Male,29,3,1,0,Medium,1,1,3,3,4,5,1,4,1
20630669,Female,40,4,1,1,High,1,0,0,5,2,5,0,2,1
20630670,Male,45,5,1,1,Low,1,1,1,5,4,4,1,3,0
20630671,Male,34,4,0,1,High,1,1,0,4,5,4,1,4,0
20630672,Male,36,5,0,1,Medium,0,0,2,4,5,3,1,3,0
20630673,Male,29,3,1,0,Medium,1,1,3,3,4,5,1,4,1
20630674,Female,40,4,1,1,High,1,0,0,5,2,5,0,2,1
20630675,Male,45,5,1,1,Low,1,1,1,5,4,4,1,3,0
20630676,Male,34,4,0,1,High,1,1,0,4,5,4,1,4,0
20630677,Male,36,5,0,1,Medium,0,0,2,4,5,3,1,3,0
20630678,Male,29,3,1,0,Medium,1,1,3,3,4,5,1,4,1
20630679,Female,40,4,1,1,High,1,0,0,5,2,5,0,2,1
20630680,Male,45,5,1,1,Low,1,1,1,5,4,4,1,3,0
20630681,Male,34,4,0,1,High,1,1,0,4,5,4,1,4,0
20630682,Male,36,5,0,1,Medium,0,0,2,4,5,3,1,3,0
20630683,Male,29,3,1,0,Medium,1,1,3,3,4,5,1,4,1
20630684,Female,40,4,1,1,High,1,0,0,5,2,5,0,2,1
20630685,Male,45,5,1,1,Low,1,1,1,5,4,4,1,3,0
20630686,Male,34,4,0,1,High,1,1,0,4,5,4,1,4,0
20630687,Male,36,5,0,1,Medium,0,0,2,4,5,3,1,3,0
20630688,Male,29,3,1,0,Medium,1,1,3,3,4,5,1,4,1
20630689,Female,40,4,1,1,High,1,0,0,5,2,5,0,2,1
20630690,Male,45,5,1,1,Low,1,1,1,5,4,4,1,3,0
20630691,Male,34,4,0,1,High,1,1,0,4,5,4,1,4,0
20630692,Male,36,5,0,1,Medium,0,0,2,4,5,3,1,3,0
20630693,Male,29,3,1,0,Medium,1,1,3,3,4,5,1,4,1
20630694,Female,40,4,1,1,High,1,0,0,5,2,5,0,2,1
20630695,Male,45,5,1,1,Low,1,1,1,5,4,4,1,3,0
20630696,Male,34,4,0,1,High,1,1,0,4,5,4,1,4,0
20630697,Male,36,5,0,1,Medium,0,0,2,4,5,3,1,3,0
20630698,Male,29,3,1,0,Medium,1,1,3,3,4,5,1,4,1
20630699,Female,40,4,1,1,High,1,0,0,5,2,5,0,2,1
20630700,Male,45,5,1,1,Low,1,1,1,5,4,4,1,3,0
20630701,Male,34,4,0,1,High,1,1,0,4,5,4,1,4,0
20630702,Male,36,5,0,1,Medium,0,0,2,4,5,3,1,3,0
20630703,Male,29,3,1,0,Medium,1,1,3,3,4,5,1,4,1
20630704,Female,40,4,1,1,High,1,0,0,5,2,5,0,2,1
20630705,Male,45,5,1,1,Low,1,1,1,5,4,4,1,3,0
20630706,Male,34,4,0,1,High,1,1,0,4,5,4,1,4,0
20630707,Male,36,5,0,1,Medium,0,0,2,4,5,3,1,3,0
20630708,Male,29,3,1,0,Medium,1,1,3,3,4,5,1,4,1
20630709,Female,40,4,1,1,High,1,0,0,5,2,5,0,2,1
20630710,Male,45,5,1,1,Low,1,1,1,5,4,4,1,3,0
20630711,Male,34,4,0,1,High,1,1,0,4,5,4,1,4,0
20630712,Male,36,5,0,1,Medium,0,0,2,4,5,3,1,3,0
20630713,Male,29,3,1,0,Medium,1,1,3,3,4,5,1,4,1
20630714,Female,40,4,1,1,High,1,0,0,5,2,5,0,2,1
20630715,Male,45,5,1,1,Low,1,1,1,5,4,4,1,3,0
20630716,Male,34,4,0,1,High,1,1,0,4,5,4,1,4,0
20630717,Male,36,5,0,1,Medium,0,0,2,4,5,3,1,3,0
20630718,Male,29,3,1,0,Medium,1,1,3,3,4,5,1,4,1
20630719,Female,40,4,1,1,High,1,0,0,5,2,5,0,2,1
20630720,Male,45,5,1,1,Low,1,1,1,5,4,4,1,3,0
20630721,Male,34,4,0,1,High,1,1,0,4,5,4,1,4,0
20630722,Male,36,5,0,1,Medium,0,0,2,4,5,3,1,3,0
20630723,Male,29,3,1,0,Medium,1,1,3,3,4,5,1,4,1
20630724,Female,40,4,1,1,High,1,0,0,5,2,5,0,2,1
20630725,Male,45,5,1,1,Low,1,1,1,5,4,4,1,3,0
20630726,Male,34,4,0,1,High,1,1,0,4,5,4,1,4,0
20630727,Male,36,5,0,1,Medium,0,0,2,4,5,3,1,3,0
20630728,Male,29,3,1,0,Medium,1,1,3,3,4,5,1,4,1
20630729,Female,40,4,1,1,High,1,0,0,5,2,5,0,2,1
20630730,Male,45,5,1,1,Low,1,1,1,5,4,4,1,3,0
20630731,Male,34,4,0,1,High,1,1,0,4,5,4,1,4,0
20630732,Male,36,5,0,1,Medium,0,0,2,4,5,3,1,3,0
20630733,Male,29,3,1,0,Medium,1,1,3,3,4,5,1,4,1
20630734,Female,40,4,1,1,High,1,0,0,5,2,5,0,2,1
20630735,Male,45,5,1,1,Low,1,1,1,5,4,4,1,3,0
20630736,Male,34,4,0,1,High,1,1,0,4,5,4,1,4,0
20630737,Male,36,5,0,1,Medium,0,0,2,4,5,3,1,3,0
20630738,Male,29,3,1,0,Medium,1,1,3,3,4,5,1,4,1
20630739,Female,40,4,1,1,High,1,0,0,5,2,5,0,2,1
20630740,Male,45,5,1,1,Low,1,1,1,5,4,4,1,3,0
20630741,Male,34,4,0,1,High,1,1,0,4,5,4,1,4,0
20630742,Male,36,5,0,1,Medium,0,0,2,4,5,3,1,3,0
20630743,Male,29,3,1,0,Medium,1,1,3,3,4,5,1,4,1
20630744,Female,40,4,1,1,High,1,0,0,5,2,5,0,2,1
20630745,Male,45,5,1,1,Low,1,1,1,5,4,4,1,3,0
20630746,Male,34,4,0,1,High,1,1,0,4,5,4,1,4,0
20630747,Male,36,5,0,1,Medium,0,0,2,4,5,3,1,3,0
20630748,Male,29,3,1,0,Medium,1,1,3,3,4,5,1,4,1
20630749,Female,40,4,1,1,High,1,0,0,5,2,5,0,2,1
20630750,Male,45,5,1,1,Low,1,1,1,5,4,4,1,3,0
20630751,Male,34,4,0,1,High,1,1,0,4,5,4,1,4,0
20630752,Male,36,5,0,1,Medium,0,0,2,4,5,3,1,3,0
20630753,Male,29,3,1,0,Medium,1,1,3,3,4,5,1,4,1
20630754,Female,40,4,1,1,High,1,0,0,5,2,5,0,2,1
20630755,Male,45,5,1,1,Low,1,1,1,5,4,4,1,3,0
20630756,Male,34,4,0,1,High,1,1,0,4,5,4,1,4,0
20630757,Male,36,5,0,1,Medium,0,0,2,4,5,3,1,3,0
20630758,Male,29,3,1,0,Medium,1,1,3,3,4,5,1,4,1
20630759,Female,40,4,1,1,High,1,0,0,5,2,5,0,2,1
20630760,Male,45,5,1,1,Low,1,1,1,5,4,4,1,3,0
20630761,Male,34,4,0,1,High,1,1,0,4,5,4,1,4,0
20630762,Male,36,5,0,1,Medium,0,0,2,4,5,3,1,3,0
20630763,Male,29,3,1,0,Medium,1,1,3,3,4,5,1,4,1
20630764,Female,40,4,1,1,High,1,0,0,5,2,5,0,2,1
20630765,Male,45,5,1,1,Low,1,1,1,5,4,4,1,3,0
20630766,Male,34,4,0,1,High,1,1,0,4,5,4,1,4,0
20630767,Male,36,5,0,1,Medium,0,0,2,4,5,3,1,3,0
20630768,Male,29,3,1,0,Medium,1,1,3,3,4,5,1,4,1
20630769,Female,40,4,1,1,High,1,0,0,5,2,5,0,2,1
20630770,Male,45,5,1,1,Low,1,1,1,5,4,4,1,3,0
20630771,Male,34,4,0,1,High,1,1,0,4,5,4,1,4,0
20630772,Male,36,5,0,1,Medium,0,0,2,4,5,3,1,3,0
20630773,Male,29,3,1,0,Medium,1,1,3,3,4,5,1,4,1
20630774,Female,40,4,1,1,High,1,0,0,5,2,5,0,2,1
20630775,Male,45,5,1,1,Low,1,1,1,5,4,4,1,3,0
20630776,Male,34,4,0,1,High,1,1,0,4,5,4,1,4,0
20630777,Male,36,5,0,1,Medium,0,0,2,4,5,3,1,3,0
20630778,Male,29,3,1,0,Medium,1,1,3,3,4,5,1,4,1
20630779,Female,40,4,1,1,High,1,0,0,5,2,5,0,2,1
20630780,Male,45,5,1,1,Low,1,1,1,5,4,4,1,3,0
20630781,Male,34,4,0,1,High,1,1,0,4,5,4,1,4,0
20630782,Male,36,5,0,1,Medium,0,0,2,4,5,3,1,3,0
20630783,Male,29,3,1,0,Medium,1,1,3,3,4,5,1,4,1
20630784,Female,40,4,1,1,High,1,0,0,5,2,5,0,2,1
20630785,Male,45,5,1,1,Low,1,1,1,5,4,4,1,3,0
20630786,Male,34,4,0,1,High,1,1,0,4,5,4,1,4,0
20630787,Male,36,5,0,1,Medium,0,0,2,4,5,3,1,3,0
20630788,Male,29,3,1,0,Medium,1,1,3,3,4,5,1,4,1
20630789,Female,40,4,1,1,High,1,0,0,5,2,5,0,2,1
20630790,Male,45,5,1,1,Low,1,1,1,5,4,4,1,3,0
20630791,Male,34,4,0,1,High,1,1,0,4,5,4,1,4,0
20630792,Male,36,5,0,1,Medium,0,0,2,4,5,3,1,3,0
20630793,Male,29,3,1,0,Medium,1,1,3,3,4,5,1,4,1
20630794,Female,40,4,1,1,High,1,0,0,5,2,5,0,2,1
20630795,Male,45,5,1,1,Low,1,1,1,5,4,4,1,3,0
20630796,Male,34,4,0,1,High,1,1,0,4,5,4,1,4,0
20630797,Male,36,5,0,1,Medium,0,0,2,4,5,3,1,3,0
20630798,Male,29,3,1,0,Medium,1,1,3,3,4,5,1,4,1
20630799,Female,40,4,1,1,High,1,0,0,5,2,5,0,2,1
20630800,Male,45,5,1,1,Low,1,1,1,5,4,4,1,3,0
